#SampleID	BarcodeSequence	LinkerPrimerSequence	FileName	tag_spacer_rev	primer	index	combination_of_index	Stream	Treatment	Surface_Time	Description
sample1	AAAGCGT	TCGTCGGCAGCGTCAGATGTGTATAAGAGACAGCCTACGGGNGGCWGCAG	sample.1.fastq	ACCTTCC	1	1	N701/S502	L7	Control	Tile.top	-0.5	CTT-0.5_L7
sample2	ACGAAGT	TCGTCGGCAGCGTCAGATGTGTATAAGAGACAGCCTACGGGNGGCWGCAG	sample.2.fastq	AGCCACC	2	1	N701/S502	L7	Sugar	Tile.top	-0.5	STT-0.5_L7
sample3	ACCTTGT	TCGTCGGCAGCGTCAGATGTGTATAAGAGACAGCCTACGGGNGGCWGCAG	sample.3.fastq	AACAGCC	3	1	N701/S502	L7	Peat	Tile.top	-0.5	PTT-0.5_L7
sample4	ATAATGT	TCGTCGGCAGCGTCAGATGTGTATAAGAGACAGCCTACGGGNGGCWGCAG	sample.4.fastq	ACGGCCC	4	1	N701/S502	L7	Control	Tile.top	3	CTT3_L7
sample5	AGGGTGT	TCGTCGGCAGCGTCAGATGTGTATAAGAGACAGCCTACGGGNGGCWGCAG	sample.5.fastq	ACTGGCC	5	1	N701/S502	L7	Sugar	Tile.top	3	STT3_L7
sample6	AGCCAGT	TCGTCGGCAGCGTCAGATGTGTATAAGAGACAGCCTACGGGNGGCWGCAG	sample.6.fastq	AAGGACC	6	1	N701/S502	L7	Peat	Tile.top	3	PTT3_L7
sample7	AGTTCGT	TCGTCGGCAGCGTCAGATGTGTATAAGAGACAGCCTACGGGNGGCWGCAG	sample.7.fastq	ACGCTCC	7	1	N701/S502	L7	Control	Tile.top	15	CTT15_L7
sample8	AATGCAGT	TCGTCGGCAGCGTCAGATGTGTATAAGAGACAGCCTACGGGNGGCWGCAG	sample.8.fastq	AATTAGCC	8	1	N701/S502	L7	Sugar	Tile.top	15	STT15_L7
sample9	AAAGCGT	TCGTCGGCAGCGTCAGATGTGTATAAGAGACAGCCTACGGGNGGCWGCAG	sample.9.fastq	ACCTTCC	1	2	N702/S502	L7	Peat	Tile.top	15	PTT15_L7
sample10	ACGAAGT	TCGTCGGCAGCGTCAGATGTGTATAAGAGACAGCCTACGGGNGGCWGCAG	sample.10.fastq	AGCCACC	2	2	N702/S502	L7	Control	Tile.top	24	CTT24_L7
sample11	ACCTTGT	TCGTCGGCAGCGTCAGATGTGTATAAGAGACAGCCTACGGGNGGCWGCAG	sample.11.fastq	AACAGCC	3	2	N702/S502	L7	Sugar	Tile.top	24	STT24_L7
sample12	ATAATGT	TCGTCGGCAGCGTCAGATGTGTATAAGAGACAGCCTACGGGNGGCWGCAG	sample.12.fastq	ACGGCCC	4	2	N702/S502	L7	Peat	Tile.top	24	PTT24_L7
sample13	AGGGTGT	TCGTCGGCAGCGTCAGATGTGTATAAGAGACAGCCTACGGGNGGCWGCAG	sample.13.fastq	ACTGGCC	5	2	N702/S502	L7	Control	Tile.bottom	-0.5	CBT-0.5_L7
sample14	AGCCAGT	TCGTCGGCAGCGTCAGATGTGTATAAGAGACAGCCTACGGGNGGCWGCAG	sample.14.fastq	AAGGACC	6	2	N702/S502	L7	Sugar	Tile.bottom	-0.5	SBT-0.5_L7
sample15	AGTTCGT	TCGTCGGCAGCGTCAGATGTGTATAAGAGACAGCCTACGGGNGGCWGCAG	sample.15.fastq	ACGCTCC	7	2	N702/S502	L7	Peat	Tile.bottom	-0.5	PBT-0.5_L7
sample16	AATGCAGT	TCGTCGGCAGCGTCAGATGTGTATAAGAGACAGCCTACGGGNGGCWGCAG	sample.16.fastq	AATTAGCC	8	2	N702/S502	L7	Control	Tile.bottom	3	CBT3_L7
sample17	AAAGCGT	TCGTCGGCAGCGTCAGATGTGTATAAGAGACAGCCTACGGGNGGCWGCAG	sample.17.fastq	ACCTTCC	1	3	N703/S502	L7	Sugar	Tile.bottom	3	SBT3_L7
sample18	ACGAAGT	TCGTCGGCAGCGTCAGATGTGTATAAGAGACAGCCTACGGGNGGCWGCAG	sample.18.fastq	AGCCACC	2	3	N703/S502	L7	Peat	Tile.bottom	3	PBT3_L7
sample19	ACCTTGT	TCGTCGGCAGCGTCAGATGTGTATAAGAGACAGCCTACGGGNGGCWGCAG	sample.19.fastq	AACAGCC	3	3	N703/S502	L7	Control	Tile.bottom	15	CBT15_L7
sample20	ATAATGT	TCGTCGGCAGCGTCAGATGTGTATAAGAGACAGCCTACGGGNGGCWGCAG	sample.20.fastq	ACGGCCC	4	3	N703/S502	L7	Sugar	Tile.bottom	15	SBT15_L7
sample21	AGGGTGT	TCGTCGGCAGCGTCAGATGTGTATAAGAGACAGCCTACGGGNGGCWGCAG	sample.21.fastq	ACTGGCC	5	3	N703/S502	L7	Peat	Tile.bottom	15	PBT15_L7
sample22	AGCCAGT	TCGTCGGCAGCGTCAGATGTGTATAAGAGACAGCCTACGGGNGGCWGCAG	sample.22.fastq	AAGGACC	6	3	N703/S502	L7	Control	Tile.bottom	24	CBT24_L7
sample23	AGTTCGT	TCGTCGGCAGCGTCAGATGTGTATAAGAGACAGCCTACGGGNGGCWGCAG	sample.23.fastq	ACGCTCC	7	3	N703/S502	L7	Sugar	Tile.bottom	24	SBT24_L7
sample24	AATGCAGT	TCGTCGGCAGCGTCAGATGTGTATAAGAGACAGCCTACGGGNGGCWGCAG	sample.24.fastq	AATTAGCC	8	3	N703/S502	L7	Peat	Tile.bottom	24	PBT24_L7
sample25	AAAGCGT	TCGTCGGCAGCGTCAGATGTGTATAAGAGACAGCCTACGGGNGGCWGCAG	sample.25.fastq	ACCTTCC	1	4	N704/S502	L6	Control	Tile.top	-0.5	CTT-0.5_L6
sample26	ACGAAGT	TCGTCGGCAGCGTCAGATGTGTATAAGAGACAGCCTACGGGNGGCWGCAG	sample.26.fastq	AGCCACC	2	4	N704/S502	L6	Sugar	Tile.top	-0.5	STT-0.5_L6
sample27	ACCTTGT	TCGTCGGCAGCGTCAGATGTGTATAAGAGACAGCCTACGGGNGGCWGCAG	sample.27.fastq	AACAGCC	3	4	N704/S502	L6	Peat	Tile.top	-0.5	PTT-0.5_L6
sample28	ATAATGT	TCGTCGGCAGCGTCAGATGTGTATAAGAGACAGCCTACGGGNGGCWGCAG	sample.28.fastq	ACGGCCC	4	4	N704/S502	L6	Control	Tile.top	3	CTT3_L6
sample29	AGGGTGT	TCGTCGGCAGCGTCAGATGTGTATAAGAGACAGCCTACGGGNGGCWGCAG	sample.29.fastq	ACTGGCC	5	4	N704/S502	L6	Sugar	Tile.top	3	STT3_L6
sample30	AGCCAGT	TCGTCGGCAGCGTCAGATGTGTATAAGAGACAGCCTACGGGNGGCWGCAG	sample.30.fastq	AAGGACC	6	4	N704/S502	L6	Peat	Tile.top	3	PTT3_L6
sample31	AGTTCGT	TCGTCGGCAGCGTCAGATGTGTATAAGAGACAGCCTACGGGNGGCWGCAG	sample.31.fastq	ACGCTCC	7	4	N704/S502	L6	Control	Tile.top	15	CTT15_L6
sample32	AATGCAGT	TCGTCGGCAGCGTCAGATGTGTATAAGAGACAGCCTACGGGNGGCWGCAG	sample.32.fastq	AATTAGCC	8	4	N704/S502	L6	Sugar	Tile.top	15	STT15_L6
sample33	AAAGCGT	TCGTCGGCAGCGTCAGATGTGTATAAGAGACAGCCTACGGGNGGCWGCAG	sample.33.fastq	ACCTTCC	1	5	N705/S502	L6	Peat	Tile.top	15	PTT15_L6
sample34	ACGAAGT	TCGTCGGCAGCGTCAGATGTGTATAAGAGACAGCCTACGGGNGGCWGCAG	sample.34.fastq	AGCCACC	2	5	N705/S502	L6	Control	Tile.top	24	CTT24_L6
sample35	ACCTTGT	TCGTCGGCAGCGTCAGATGTGTATAAGAGACAGCCTACGGGNGGCWGCAG	sample.35.fastq	AACAGCC	3	5	N705/S502	L6	Sugar	Tile.top	24	STT24_L6
sample36	ATAATGT	TCGTCGGCAGCGTCAGATGTGTATAAGAGACAGCCTACGGGNGGCWGCAG	sample.36.fastq	ACGGCCC	4	5	N705/S502	L6	Peat	Tile.top	24	PTT24_L6
sample37	AGGGTGT	TCGTCGGCAGCGTCAGATGTGTATAAGAGACAGCCTACGGGNGGCWGCAG	sample.37.fastq	ACTGGCC	5	5	N705/S502	L6	Control	Tile.bottom	-0.5	CBT-0.5_L6
sample38	AGCCAGT	TCGTCGGCAGCGTCAGATGTGTATAAGAGACAGCCTACGGGNGGCWGCAG	sample.38.fastq	AAGGACC	6	5	N705/S502	L6	Sugar	Tile.bottom	-0.5	SBT-0.5_L6
sample39	AGTTCGT	TCGTCGGCAGCGTCAGATGTGTATAAGAGACAGCCTACGGGNGGCWGCAG	sample.39.fastq	ACGCTCC	7	5	N705/S502	L6	Peat	Tile.bottom	-0.5	PBT-0.5_L6
sample40	AATGCAGT	TCGTCGGCAGCGTCAGATGTGTATAAGAGACAGCCTACGGGNGGCWGCAG	sample.40.fastq	AATTAGCC	8	5	N705/S502	L6	Control	Tile.bottom	3	CBT3_L6
sample41	AAAGCGT	TCGTCGGCAGCGTCAGATGTGTATAAGAGACAGCCTACGGGNGGCWGCAG	sample.41.fastq	ACCTTCC	1	6	N706/S502	L6	Sugar	Tile.bottom	3	SBT3_L6
sample42	ACGAAGT	TCGTCGGCAGCGTCAGATGTGTATAAGAGACAGCCTACGGGNGGCWGCAG	sample.42.fastq	AGCCACC	2	6	N706/S502	L6	Peat	Tile.bottom	3	PBT3_L6
sample43	ACCTTGT	TCGTCGGCAGCGTCAGATGTGTATAAGAGACAGCCTACGGGNGGCWGCAG	sample.43.fastq	AACAGCC	3	6	N706/S502	L6	Control	Tile.bottom	15	CBT15_L6
sample44	ATAATGT	TCGTCGGCAGCGTCAGATGTGTATAAGAGACAGCCTACGGGNGGCWGCAG	sample.44.fastq	ACGGCCC	4	6	N706/S502	L6	Sugar	Tile.bottom	15	SBT15_L6
sample45	AGGGTGT	TCGTCGGCAGCGTCAGATGTGTATAAGAGACAGCCTACGGGNGGCWGCAG	sample.45.fastq	ACTGGCC	5	6	N706/S502	L6	Peat	Tile.bottom	15	PBT15_L6
sample46	AGCCAGT	TCGTCGGCAGCGTCAGATGTGTATAAGAGACAGCCTACGGGNGGCWGCAG	sample.46.fastq	AAGGACC	6	6	N706/S502	L6	Control	Tile.bottom	24	CBT24_L6
sample47	AGTTCGT	TCGTCGGCAGCGTCAGATGTGTATAAGAGACAGCCTACGGGNGGCWGCAG	sample.47.fastq	ACGCTCC	7	6	N706/S502	L6	Sugar	Tile.bottom	24	SBT24_L6
sample48	AATGCAGT	TCGTCGGCAGCGTCAGATGTGTATAAGAGACAGCCTACGGGNGGCWGCAG	sample.48.fastq	AATTAGCC	8	6	N706/S502	L6	Peat	Tile.bottom	24	PBT24_L6
sample49	AAAGCGT	TCGTCGGCAGCGTCAGATGTGTATAAGAGACAGCCTACGGGNGGCWGCAG	sample.49.fastq	ACCTTCC	1	7	N701/S503	L3	Control	Tile.top	-0.5	CTT-0.5_L3
sample50	ACGAAGT	TCGTCGGCAGCGTCAGATGTGTATAAGAGACAGCCTACGGGNGGCWGCAG	sample.50.fastq	AGCCACC	2	7	N701/S503	L3	Sugar	Tile.top	-0.5	STT-0.5_L3
sample51	ACCTTGT	TCGTCGGCAGCGTCAGATGTGTATAAGAGACAGCCTACGGGNGGCWGCAG	sample.51.fastq	AACAGCC	3	7	N701/S503	L3	Peat	Tile.top	-0.5	PTT-0.5_L3
sample52	ATAATGT	TCGTCGGCAGCGTCAGATGTGTATAAGAGACAGCCTACGGGNGGCWGCAG	sample.52.fastq	ACGGCCC	4	7	N701/S503	L3	Control	Tile.top	3	CTT3_L3
sample53	AGGGTGT	TCGTCGGCAGCGTCAGATGTGTATAAGAGACAGCCTACGGGNGGCWGCAG	sample.53.fastq	ACTGGCC	5	7	N701/S503	L3	Sugar	Tile.top	3	STT3_L3
sample54	AGCCAGT	TCGTCGGCAGCGTCAGATGTGTATAAGAGACAGCCTACGGGNGGCWGCAG	sample.54.fastq	AAGGACC	6	7	N701/S503	L3	Peat	Tile.top	3	PTT3_L3
sample55	AGTTCGT	TCGTCGGCAGCGTCAGATGTGTATAAGAGACAGCCTACGGGNGGCWGCAG	sample.55.fastq	ACGCTCC	7	7	N701/S503	L3	Control	Tile.top	15	CTT15_L3
sample56	AATGCAGT	TCGTCGGCAGCGTCAGATGTGTATAAGAGACAGCCTACGGGNGGCWGCAG	sample.56.fastq	AATTAGCC	8	7	N701/S503	L3	Sugar	Tile.top	15	STT15_L3
sample57	AAAGCGT	TCGTCGGCAGCGTCAGATGTGTATAAGAGACAGCCTACGGGNGGCWGCAG	sample.57.fastq	ACCTTCC	1	8	N702/S503	L3	Peat	Tile.top	15	PTT15_L3
sample58	ACGAAGT	TCGTCGGCAGCGTCAGATGTGTATAAGAGACAGCCTACGGGNGGCWGCAG	sample.58.fastq	AGCCACC	2	8	N702/S503	L3	Control	Tile.top	24	CTT24_L3
sample59	ACCTTGT	TCGTCGGCAGCGTCAGATGTGTATAAGAGACAGCCTACGGGNGGCWGCAG	sample.59.fastq	AACAGCC	3	8	N702/S503	L3	Sugar	Tile.top	24	STT24_L3
sample60	ATAATGT	TCGTCGGCAGCGTCAGATGTGTATAAGAGACAGCCTACGGGNGGCWGCAG	sample.60.fastq	ACGGCCC	4	8	N702/S503	L3	Peat	Tile.top	24	PTT24_L3
sample61	AGGGTGT	TCGTCGGCAGCGTCAGATGTGTATAAGAGACAGCCTACGGGNGGCWGCAG	sample.61.fastq	ACTGGCC	5	8	N702/S503	L3	Control	Tile.bottom	-0.5	CBT-0.5_L3
sample62	AGCCAGT	TCGTCGGCAGCGTCAGATGTGTATAAGAGACAGCCTACGGGNGGCWGCAG	sample.62.fastq	AAGGACC	6	8	N702/S503	L3	Sugar	Tile.bottom	-0.5	SBT-0.5_L3
sample63	AGTTCGT	TCGTCGGCAGCGTCAGATGTGTATAAGAGACAGCCTACGGGNGGCWGCAG	sample.63.fastq	ACGCTCC	7	8	N702/S503	L3	Peat	Tile.bottom	-0.5	PBT-0.5_L3
sample64	AATGCAGT	TCGTCGGCAGCGTCAGATGTGTATAAGAGACAGCCTACGGGNGGCWGCAG	sample.64.fastq	AATTAGCC	8	8	N702/S503	L3	Control	Tile.bottom	3	CBT3_L3
sample65	AAAGCGT	TCGTCGGCAGCGTCAGATGTGTATAAGAGACAGCCTACGGGNGGCWGCAG	sample.65.fastq	ACCTTCC	1	9	N703/S503	L3	Sugar	Tile.bottom	3	SBT3_L3
sample66	ACGAAGT	TCGTCGGCAGCGTCAGATGTGTATAAGAGACAGCCTACGGGNGGCWGCAG	sample.66.fastq	AGCCACC	2	9	N703/S503	L3	Peat	Tile.bottom	3	PBT3_L3
sample67	ACCTTGT	TCGTCGGCAGCGTCAGATGTGTATAAGAGACAGCCTACGGGNGGCWGCAG	sample.67.fastq	AACAGCC	3	9	N703/S503	L3	Control	Tile.bottom	15	CBT15_L3
sample68	ATAATGT	TCGTCGGCAGCGTCAGATGTGTATAAGAGACAGCCTACGGGNGGCWGCAG	sample.68.fastq	ACGGCCC	4	9	N703/S503	L3	Sugar	Tile.bottom	15	SBT15_L3
sample69	AGGGTGT	TCGTCGGCAGCGTCAGATGTGTATAAGAGACAGCCTACGGGNGGCWGCAG	sample.69.fastq	ACTGGCC	5	9	N703/S503	L3	Peat	Tile.bottom	15	PBT15_L3
sample70	AGCCAGT	TCGTCGGCAGCGTCAGATGTGTATAAGAGACAGCCTACGGGNGGCWGCAG	sample.70.fastq	AAGGACC	6	9	N703/S503	L3	Control	Tile.bottom	24	CBT24_L3
sample71	AGTTCGT	TCGTCGGCAGCGTCAGATGTGTATAAGAGACAGCCTACGGGNGGCWGCAG	sample.71.fastq	ACGCTCC	7	9	N703/S503	L3	Sugar	Tile.bottom	24	SBT24_L3
sample72	AATGCAGT	TCGTCGGCAGCGTCAGATGTGTATAAGAGACAGCCTACGGGNGGCWGCAG	sample.72.fastq	AATTAGCC	8	9	N703/S503	L3	Peat	Tile.bottom	24	PBT24_L3
sample73	AAAGCGT	TCGTCGGCAGCGTCAGATGTGTATAAGAGACAGCCTACGGGNGGCWGCAG	sample.73.fastq	ACCTTCC	1	10	N704/S503	L7	River	Tile	Day	RD_L7
sample74	ACGAAGT	TCGTCGGCAGCGTCAGATGTGTATAAGAGACAGCCTACGGGNGGCWGCAG	sample.74.fastq	AGCCACC	2	10	N704/S503	L7	River	Tile	Night	RN_L7
sample75	ACCTTGT	TCGTCGGCAGCGTCAGATGTGTATAAGAGACAGCCTACGGGNGGCWGCAG	sample.75.fastq	AACAGCC	3	10	N704/S503	L6	River	Tile	Day	RD_L6
sample76	ATAATGT	TCGTCGGCAGCGTCAGATGTGTATAAGAGACAGCCTACGGGNGGCWGCAG	sample.76.fastq	ACGGCCC	4	10	N704/S503	L6	River	Tile	Night	RN_L6
sample77	AGGGTGT	TCGTCGGCAGCGTCAGATGTGTATAAGAGACAGCCTACGGGNGGCWGCAG	sample.77.fastq	ACTGGCC	5	10	N704/S503	L3	River	Tile	Day	RD_L3
sample78	AGCCAGT	TCGTCGGCAGCGTCAGATGTGTATAAGAGACAGCCTACGGGNGGCWGCAG	sample.78.fastq	AAGGACC	6	10	N704/S503	L3	River	Tile	Night	RN_L3
sample79	AGTTCGT	TCGTCGGCAGCGTCAGATGTGTATAAGAGACAGCCTACGGGNGGCWGCAG	sample.79.fastq	ACGCTCC	7	10	N704/S503	L7	Control	Stone	-0.5	StCT-0.5_L7
sample80	AATGCAGT	TCGTCGGCAGCGTCAGATGTGTATAAGAGACAGCCTACGGGNGGCWGCAG	sample.80.fastq	AATTAGCC	8	10	N704/S503	L7	Sugar	Stone	-0.5	StST-0.5_L7
sample81	AAAGCGT	TCGTCGGCAGCGTCAGATGTGTATAAGAGACAGCCTACGGGNGGCWGCAG	sample.81.fastq	ACCTTCC	1	11	N705/S503	L7	Peat	Stone	-0.5	StPT-0.5_L7
sample82	ACGAAGT	TCGTCGGCAGCGTCAGATGTGTATAAGAGACAGCCTACGGGNGGCWGCAG	sample.82.fastq	AGCCACC	2	11	N705/S503	L7	Control	Stone	24	StCT24_L7
sample83	ACCTTGT	TCGTCGGCAGCGTCAGATGTGTATAAGAGACAGCCTACGGGNGGCWGCAG	sample.83.fastq	AACAGCC	3	11	N705/S503	L7	Sugar	Stone	24	StST24_L7
sample84	ATAATGT	TCGTCGGCAGCGTCAGATGTGTATAAGAGACAGCCTACGGGNGGCWGCAG	sample.84.fastq	ACGGCCC	4	11	N705/S503	L7	Peat	Stone	24	StPT24_L7
sample85	AGGGTGT	TCGTCGGCAGCGTCAGATGTGTATAAGAGACAGCCTACGGGNGGCWGCAG	sample.85.fastq	ACTGGCC	5	11	N705/S503	L6	Control	Stone	-0.5	StCT-0.5_L6
sample86	AGCCAGT	TCGTCGGCAGCGTCAGATGTGTATAAGAGACAGCCTACGGGNGGCWGCAG	sample.86.fastq	AAGGACC	6	11	N705/S503	L6	Sugar	Stone	-0.5	StST-0.5_L6
sample87	AGTTCGT	TCGTCGGCAGCGTCAGATGTGTATAAGAGACAGCCTACGGGNGGCWGCAG	sample.87.fastq	ACGCTCC	7	11	N705/S503	L6	Peat	Stone	-0.5	StPT-0.5_L6
sample88	AATGCAGT	TCGTCGGCAGCGTCAGATGTGTATAAGAGACAGCCTACGGGNGGCWGCAG	sample.88.fastq	AATTAGCC	8	11	N705/S503	L6	Control	Stone	24	StCT24_L6
sample89	AAAGCGT	TCGTCGGCAGCGTCAGATGTGTATAAGAGACAGCCTACGGGNGGCWGCAG	sample.89.fastq	ACCTTCC	1	12	N706/S503	L6	Sugar	Stone	24	StST24_L6
sample90	ACGAAGT	TCGTCGGCAGCGTCAGATGTGTATAAGAGACAGCCTACGGGNGGCWGCAG	sample.90.fastq	AGCCACC	2	12	N706/S503	L6	Peat	Stone	24	StPT24_L6
sample91	ACCTTGT	TCGTCGGCAGCGTCAGATGTGTATAAGAGACAGCCTACGGGNGGCWGCAG	sample.91.fastq	AACAGCC	3	12	N706/S503	L3	Control	Stone	-0.5	StCT-0.5_L3
sample92	ATAATGT	TCGTCGGCAGCGTCAGATGTGTATAAGAGACAGCCTACGGGNGGCWGCAG	sample.92.fastq	ACGGCCC	4	12	N706/S503	L3	Sugar	Stone	-0.5	StST-0.5_L3
sample93	AGGGTGT	TCGTCGGCAGCGTCAGATGTGTATAAGAGACAGCCTACGGGNGGCWGCAG	sample.93.fastq	ACTGGCC	5	12	N706/S503	L3	Peat	Stone	-0.5	StPT-0.5_L3
sample94	AGCCAGT	TCGTCGGCAGCGTCAGATGTGTATAAGAGACAGCCTACGGGNGGCWGCAG	sample.94.fastq	AAGGACC	6	12	N706/S503	L3	Control	Stone	24	StCT24_L3
sample95	AGTTCGT	TCGTCGGCAGCGTCAGATGTGTATAAGAGACAGCCTACGGGNGGCWGCAG	sample.95.fastq	ACGCTCC	7	12	N706/S503	L3	Sugar	Stone	24	StST24_L3
sample96	AATGCAGT	TCGTCGGCAGCGTCAGATGTGTATAAGAGACAGCCTACGGGNGGCWGCAG	sample.96.fastq	AATTAGCC	8	12	N706/S503	L3	Peat	Stone	24	StPT24_L3
sample97	AATTTAGT	TCGTCGGCAGCGTCAGATGTGTATAAGAGACAGCCTACGGGNGGCWGCAG	sample.97.fastq	ATCCTCCC	9	13	N701/S504					Extraction_kit_negative_control
